id,symbol,name,image,current_price,market_cap,market_cap_rank,fully_diluted_valuation,total_volume,high_24h,low_24h,price_change_24h,price_change_percentage_24h,market_cap_change_24h,market_cap_change_percentage_24h,circulating_supply,total_supply,max_supply,ath,ath_change_percentage,ath_date,atl,atl_change_percentage,atl_date,roi,last_updated,roi.times,roi.currency,roi.percentage
bitcoin,btc,Bitcoin,https://coin-images.coingecko.com/coins/images/1/large/bitcoin.png?1696501400,97272.0,1928430242285,1,1928430242285,13788363708,97894.0,97100.0,-198.62376209792274,-0.20378,-3716443085.276367,-0.19235,19825068.0,19825068.0,21000000.0,108786.0,-10.48451,2025-01-20T09:11:54.494Z,67.81,143509.10635,2013-07-06T00:00:00.000Z,,2025-02-16T10:19:29.520Z,,,
ethereum,eth,Ethereum,https://coin-images.coingecko.com/coins/images/279/large/ethereum.png?1696501628,2704.93,326086060378,2,326086060378,8623481915,2717.5,2681.98,7.26,0.26904,854807181.0,0.26283,120552658.8489057,120552658.8489057,,4878.26,-44.52717,2021-11-10T14:24:19.604Z,0.432979,624897.95984,2015-10-20T00:00:00.000Z,,2025-02-16T10:19:31.275Z,36.17715200159189,btc,3617.7152001591894
ripple,xrp,XRP,https://coin-images.coingecko.com/coins/images/44/large/xrp-symbol-white-128.png?1696501442,2.75,159243028637,3,275379763629,3321122361,2.82,2.72,-0.03455090940746608,-1.23895,-1924134132.9318848,-1.19387,57818864895.0,99986451428.0,100000000000.0,3.4,-18.7499,2018-01-07T00:00:00.000Z,0.00268621,102693.43225,2014-05-22T00:00:00.000Z,,2025-02-16T10:19:29.168Z,,,
tether,usdt,Tether,https://coin-images.coingecko.com/coins/images/325/large/Tether.png?1696501661,1.0,141997326762,4,141997326762,32456127187,1.0,0.999995,-9.4501098720112e-05,-0.00945,-13424355.334777832,-0.00945,141996505143.6433,141996505143.6433,,1.32,-24.41887,2018-07-24T00:00:00.000Z,0.572521,74.6679,2015-03-02T00:00:00.000Z,,2025-02-16T10:19:32.445Z,,,
binancecoin,bnb,BNB,https://coin-images.coingecko.com/coins/images/825/large/bnb-icon2_2x.png?1696501970,660.92,96381573664,5,96381573664,812977226,669.64,654.43,5.55,0.84697,768314768.0,0.80357,145887575.79,145887575.79,200000000.0,788.84,-16.61671,2024-12-04T10:35:25.220Z,0.0398177,1651838.30244,2017-10-19T00:00:00.000Z,,2025-02-16T10:19:39.889Z,,,
solana,sol,Solana,https://coin-images.coingecko.com/coins/images/4128/large/solana.png?1718769756,193.61,94620536207,6,115126079370,1821946474,195.94,192.57,-0.6215853522207624,-0.32002,-387393462.4234772,-0.40775,488388623.0310315,594229008.1258621,,293.31,-33.97951,2025-01-19T11:15:27.957Z,0.500801,38567.24121,2020-05-11T19:35:23.449Z,,2025-02-16T10:19:28.045Z,,,
usd-coin,usdc,USDC,https://coin-images.coingecko.com/coins/images/6319/large/usdc.png?1696506694,0.999929,56440655924,7,56441376184,4201537023,1.0,0.999884,-3.818419393675e-06,-0.00038,88880573.0,0.15772,56444689533.64412,56445409844.77545,,1.17,-14.73706,2019-05-08T00:40:28.300Z,0.877647,13.92782,2023-03-11T08:02:13.981Z,,2025-02-16T10:19:29.255Z,,,
dogecoin,doge,Dogecoin,https://coin-images.coingecko.com/coins/images/5/large/dogecoin.png?1696501409,0.270614,40066448556,8,40069287301,1224462177,0.280144,0.268498,-0.007685004202039269,-2.76142,-1126592217.1218796,-2.73491,148057346383.7052,148067836383.7052,,0.731578,-62.93154,2021-05-08T05:08:23.458Z,8.69e-05,311951.82678,2015-05-06T00:00:00.000Z,,2025-02-16T10:19:34.623Z,,,
cardano,ada,Cardano,https://coin-images.coingecko.com/coins/images/975/large/cardano.png?1696502090,0.780538,28028422925,9,35115380770,454308844,0.799648,0.773084,-0.014234800711499409,-1.79105,-515834106.13028336,-1.80714,35918136268.48197,45000000000.0,45000000000.0,3.09,-74.71659,2021-09-02T06:00:10.474Z,0.01925275,3953.84387,2020-03-13T02:22:55.044Z,,2025-02-16T10:19:39.136Z,,,
staked-ether,steth,Lido Staked Ether,https://coin-images.coingecko.com/coins/images/13442/large/steth_logo.png?1696513206,2704.76,25423676202,10,25423676202,30623615,2715.65,2681.44,7.85,0.29122,52642990.0,0.20749,9399744.217849717,9399744.217849717,,4829.57,-44.01837,2021-11-10T14:40:47.256Z,482.9,459.88687,2020-12-22T04:08:21.854Z,,2025-02-16T10:19:26.656Z,,,
tron,trx,TRON,https://coin-images.coingecko.com/coins/images/1094/large/tron-logo.png?1696502193,0.238972,20574576392,11,20574587177,479226629,0.239612,0.232582,0.00639001,2.74742,553621347.0,2.76521,86096026001.21667,86096071131.55489,,0.431288,-44.61045,2024-12-04T00:10:40.323Z,0.00180434,13139.6578,2017-11-12T00:00:00.000Z,,2025-02-16T10:19:28.419Z,124.77496221011616,usd,12477.496221011615
wrapped-bitcoin,wbtc,Wrapped Bitcoin,https://coin-images.coingecko.com/coins/images/7598/large/wrapped_bitcoin_wbtc.png?1696507857,97127.0,12542851452,12,12542851452,95077106,97744.0,96832.0,-190.4973929408734,-0.19575,-24461940.129594803,-0.19465,129138.42002211,129138.42002211,129138.42002211,108368.0,-10.44891,2025-01-20T07:16:27.137Z,3139.17,2991.40648,2019-04-02T00:00:00.000Z,,2025-02-16T10:19:31.001Z,,,
chainlink,link,Chainlink,https://coin-images.coingecko.com/coins/images/877/large/chainlink-new-logo.png?1696502009,19.07,12167801857,13,19068801787,343699277,19.25,18.74,-0.0805311684086476,-0.42054,-52658994.176963806,-0.43091,638099970.4505637,1000000000.0,1000000000.0,52.7,-63.84397,2021-05-10T00:13:57.214Z,0.148183,12757.73254,2017-11-29T00:00:00.000Z,,2025-02-16T10:19:37.554Z,,,
wrapped-steth,wsteth,Wrapped stETH,https://coin-images.coingecko.com/coins/images/18834/large/wstETH.png?1696518295,3228.61,10859884883,14,10859884883,20193550,3238.68,3201.56,3.3,0.10247,78328418.0,0.7265,3362959.912106618,3362959.912106618,,7256.02,-55.60508,2022-05-13T15:09:54.509Z,558.54,476.73647,2022-05-13T01:36:45.053Z,,2025-02-16T10:19:29.953Z,,,
stellar,xlm,Stellar,https://coin-images.coingecko.com/coins/images/100/large/fmpFRHHQ_400x400.jpg?1735231350,0.345811,10586363538,15,17291250206,174627645,0.358432,0.343854,-0.0094031125512275,-2.64717,-283451987.891346,-2.6077,30613002951.61005,50001786894.45016,50001786894.45016,0.875563,-60.40109,2018-01-03T00:00:00.000Z,0.00047612,72720.07909,2015-03-05T00:00:00.000Z,,2025-02-16T10:19:38.845Z,,,
avalanche-2,avax,Avalanche,https://coin-images.coingecko.com/coins/images/12559/large/Avalanche_Circle_RedWhite_Trans.png?1696512369,25.4,10508543829,16,11440113298,206174971,26.26,25.19,-0.779307372747418,-2.97729,-286707452.6661205,-2.65587,413649150.7042933,450318638.473774,720000000.0,144.96,-82.47964,2021-11-21T14:18:56.538Z,2.8,806.71723,2020-12-31T13:15:21.540Z,,2025-02-16T10:19:38.139Z,,,
sui,sui,Sui,https://coin-images.coingecko.com/coins/images/26375/large/sui-ocean-square.png?1727791290,3.38,10458378558,17,33849092809,590236075,3.48,3.35,-0.07131885003133664,-2.06477,-210774554.7799797,-1.97555,3089707194.508888,10000000000.0,10000000000.0,5.35,-36.69802,2025-01-04T22:56:18.063Z,0.364846,827.64619,2023-10-19T10:40:30.078Z,,2025-02-16T10:19:37.444Z,,,
litecoin,ltc,Litecoin,https://coin-images.coingecko.com/coins/images/2/large/litecoin.png?1696501400,132.4,10002520885,18,10002520885,1376243876,136.6,129.78,0.201036,0.15207,30933240.0,0.31021,75538608.23347135,75538608.23347135,84000000.0,410.26,-67.69721,2021-05-10T03:13:07.904Z,1.15,11435.55704,2015-01-14T00:00:00.000Z,,2025-02-16T10:19:31.457Z,,,
ugold-inc,ugold,UGOLD Inc.,https://coin-images.coingecko.com/coins/images/35921/large/IMG_20240307_195222_084.jpg?1710221205,3038.58,9772585960,19,9772585960,13098317,3042.92,3038.35,-1.0319456334486858,-0.03395,9772585960.0,0.0,3215075.0,3215075.0,3215075.0,3055.67,-0.49887,2025-02-14T10:01:05.918Z,1998.42,52.14154,2025-02-03T14:05:07.157Z,,2025-02-16T10:19:28.014Z,,,
shiba-inu,shib,Shiba Inu,https://coin-images.coingecko.com/coins/images/11939/large/shiba.png?1696511800,1.623e-05,9566254231,20,9570367513,170853329,1.672e-05,1.606e-05,-4.02775372246e-07,-2.42135,-231700546.10290527,-2.36478,589253878014101.1,589507244414751.8,,8.616e-05,-81.14241,2021-10-28T03:54:55.568Z,5.6366e-11,28824645.56848,2020-11-28T11:26:25.838Z,,2025-02-16T10:19:27.433Z,,,
the-open-network,ton,Toncoin,https://coin-images.coingecko.com/coins/images/17980/large/photo_2024-09-10_17.09.00.jpeg?1725963446,3.81,9505663237,21,19520600018,113033006,3.81,3.74,0.03509203,0.92937,88032450.0,0.93476,2494398792.671954,5122437004.638338,,8.25,-53.85061,2024-06-15T00:36:51.509Z,0.519364,633.39517,2021-09-21T00:33:11.092Z,,2025-02-16T10:19:29.918Z,,,
hedera-hashgraph,hbar,Hedera,https://coin-images.coingecko.com/coins/images/3688/large/hbar.png?1696504364,0.22622,9449377355,22,11311012443,193702235,0.236818,0.223474,-0.008837595929836406,-3.75975,-364494378.01306534,-3.71407,41770696489.76343,50000000000.0,50000000000.0,0.569229,-60.25068,2021-09-15T10:40:28.318Z,0.00986111,2194.51491,2020-01-02T17:30:24.852Z,,2025-02-16T10:19:29.566Z,,,
leo-token,leo,LEO Token,https://coin-images.coingecko.com/coins/images/8418/large/leo-token.png?1696508607,9.8,9054103912,23,9652895564,301659,9.81,9.75,0.00983922,0.10053,10697175.0,0.11829,924122796.9,985239504.0,,9.95,-1.33024,2025-02-09T22:45:42.188Z,0.799859,1126.82485,2019-12-24T15:14:35.376Z,,2025-02-16T10:19:30.914Z,,,
hyperliquid,hype,Hyperliquid,https://coin-images.coingecko.com/coins/images/50882/large/hyperliquid.jpg?1729431300,26.36,8802215569,24,26359353645,90407881,26.58,25.36,0.099198,0.37775,35373070.0,0.40349,333928180.0,999990391.0,1000000000.0,34.96,-24.49428,2024-12-22T03:56:00.276Z,3.81,593.045,2024-11-29T09:30:30.871Z,,2025-02-16T10:19:29.417Z,,,
usds,usds,USDS,https://coin-images.coingecko.com/coins/images/39926/large/usds.webp?1726666683,0.999881,8744955317,25,8744955317,11849907,1.001,0.998016,-0.000430136823754257,-0.043,54297133.0,0.62478,8746018805.66756,8746018805.66756,,1.057,-5.43667,2024-10-29T05:40:51.197Z,0.948265,5.43876,2024-10-03T13:19:28.826Z,,2025-02-16T10:19:30.393Z,,,
weth,weth,WETH,https://coin-images.coingecko.com/coins/images/2518/large/weth.png?1696503332,2705.94,8096516280,26,8096516280,424892158,2717.43,2681.49,7.21,0.26703,17183209.0,0.21268,2992128.069338183,2992128.069338183,,4799.89,-43.61567,2021-11-09T00:00:00.000Z,82.1,3196.31576,2018-12-15T00:00:00.000Z,,2025-02-16T10:19:31.476Z,,,
polkadot,dot,Polkadot,https://coin-images.coingecko.com/coins/images/12171/large/polkadot.png?1696512008,4.98,7583923314,27,7583923314,135324224,5.12,4.91,-0.06957783609494239,-1.37773,-101745414.5304308,-1.32383,1522267060.0,1522267060.0,,54.98,-90.9659,2021-11-04T14:10:09.301Z,2.7,84.13754,2020-08-20T05:48:11.359Z,,2025-02-16T10:19:39.552Z,,,
mantra-dao,om,MANTRA,https://coin-images.coingecko.com/coins/images/12151/large/OM_Token.png?1696511991,7.59,7365950164,28,13694478174,460085642,7.67,7.4,0.148701,1.99908,132582688.0,1.83293,972540787.7099998,1808108702.09,,7.9,-4.19078,2025-02-15T05:21:27.737Z,0.01726188,43742.35469,2023-10-12T17:25:09.068Z,,2025-02-16T10:19:31.482Z,,,
bitcoin-cash,bch,Bitcoin Cash,https://coin-images.coingecko.com/coins/images/780/large/bitcoin-cash-circle.png?1696501932,334.35,6628940058,29,6628961996,93450258,341.83,331.04,-6.491739633240627,-1.90463,-127811500.59960651,-1.89161,19830037.39665078,19830103.02165078,21000000.0,3785.82,-91.15968,2017-12-20T00:00:00.000Z,76.93,335.01592,2018-12-16T00:00:00.000Z,,2025-02-16T10:19:39.066Z,,,
ethena-usde,usde,Ethena USDe,https://coin-images.coingecko.com/coins/images/33613/large/usde.png?1733810059,0.99931,5964184132,30,5964184132,70304797,1.001,0.998537,-0.000283105143379148,-0.02832,-19957595.16057396,-0.33351,5968476701.765498,5968476701.765498,,1.032,-3.14284,2023-12-20T15:38:34.596Z,0.929486,7.54819,2024-10-04T07:57:15.809Z,,2025-02-16T10:19:27.456Z,,,
uniswap,uni,Uniswap,https://coin-images.coingecko.com/coins/images/12504/large/uniswap-logo.png?1720676669,9.92,5956188474,31,9918994780,152005110,9.96,9.73,0.0346648,0.3508,20154536.0,0.33953,600483073.71,1000000000.0,1000000000.0,44.92,-77.96211,2021-05-03T05:25:04.822Z,1.03,860.9077,2020-09-17T01:20:38.214Z,,2025-02-16T10:19:31.669Z,,,
bitget-token,bgb,Bitget Token,https://coin-images.coingecko.com/coins/images/11610/large/Bitget_logo.png?1736925727,4.92,5906426640,32,5906426640,220529235,5.32,4.82,-0.3792037561149044,-7.14997,-455557904.99532604,-7.16063,1199999994.2,1199999994.2,2000000000.0,8.45,-41.76947,2024-12-27T11:41:24.992Z,0.0142795,34359.66416,2020-06-25T04:17:05.895Z,,2025-02-16T10:19:38.017Z,,,
wrapped-eeth,weeth,Wrapped eETH,https://coin-images.coingecko.com/coins/images/33033/large/weETH.png?1701438396,2867.33,5472977904,33,5472977904,18073048,2877.26,2841.71,7.57,0.26453,22796089.0,0.41826,1909155.396537115,1909155.396537115,,4311.81,-33.51224,2024-12-06T20:32:25.758Z,2231.18,28.48952,2024-01-08T03:35:28.624Z,,2025-02-16T10:19:29.538Z,,,
monero,xmr,Monero,https://coin-images.coingecko.com/coins/images/69/large/monero_logo.png?1696501460,231.16,4264104635,34,4264104635,52626396,237.23,227.94,-3.7332829118074358,-1.58937,-70415694.26114655,-1.62453,18446744.07370955,18446744.07370955,,542.33,-57.39582,2018-01-09T00:00:00.000Z,0.216177,106781.71749,2015-01-14T00:00:00.000Z,,2025-02-16T10:19:33.688Z,,,
pepe,pepe,Pepe,https://coin-images.coingecko.com/coins/images/29850/large/pepe-token.jpeg?1696528776,9.95e-06,4189185199,35,4189185199,370412608,1.016e-05,9.82e-06,-1.61574437554e-07,-1.59754,-66424375.245863914,-1.56087,420690000000000.0,420690000000000.0,420690000000000.0,2.803e-05,-64.47915,2024-12-09T16:30:35.828Z,5.5142e-08,17954.80468,2023-04-18T02:14:41.591Z,,2025-02-16T10:19:36.792Z,,,
near,near,NEAR Protocol,https://coin-images.coingecko.com/coins/images/10365/large/near.jpg?1696510367,3.45,4087052713,36,4262717046,144449203,3.52,3.37,-0.03591287270425125,-1.031,-46415010.8484931,-1.12291,1184710613.0,1235630289.0,,20.44,-83.18186,2022-01-16T22:09:45.873Z,0.526762,552.53544,2020-11-04T16:09:15.137Z,,2025-02-16T10:19:34.391Z,,,
ondo-finance,ondo,Ondo,https://coin-images.coingecko.com/coins/images/26580/large/ONDO.png?1696525656,1.27,4024961276,37,12740817585,166519421,1.31,1.26,-0.02484199293344247,-1.91424,-74655823.29273224,-1.82104,3159107529.0,10000000000.0,10000000000.0,2.14,-40.55411,2024-12-16T00:36:00.777Z,0.082171,1448.2775,2024-01-18T12:14:30.524Z,,2025-02-16T10:19:35.148Z,,,
whitebit,wbt,WhiteBIT Coin,https://coin-images.coingecko.com/coins/images/27045/large/wbt_token.png?1696526096,27.13,3912603137,38,8998385377,9554641,27.43,27.1,0.0195717,0.0722,7539412.0,0.19307,144118517.10815412,331450421.0,400000000.0,29.08,-6.5916,2025-01-23T14:52:15.951Z,3.06,787.08428,2023-02-13T19:01:21.899Z,,2025-02-16T10:19:39.401Z,,,
aave,aave,Aave,https://coin-images.coingecko.com/coins/images/12645/large/aave-token-round.png?1720472354,253.46,3821450509,39,4056499454,163345668,257.9,250.6,-3.1241625095830727,-1.21761,-50541887.080590725,-1.30532,15072899.391238686,16000000.0,16000000.0,661.69,-61.77036,2021-05-18T21:19:59.514Z,26.02,872.06428,2020-11-05T09:20:11.928Z,,2025-02-16T10:19:37.268Z,,,
official-trump,trump,Official Trump,https://coin-images.coingecko.com/coins/images/53746/large/trump.png?1737171561,18.81,3763722473,40,18818612900,2557394573,21.21,18.19,-2.0229662331480363,-9.71229,-402169986.3215499,-9.65387,199999994.336,1000000000.0,1000000000.0,73.43,-74.39221,2025-01-19T11:50:34.806Z,4.29,338.2518,2025-01-18T03:40:29.231Z,,2025-02-16T10:19:35.213Z,,,
dai,dai,Dai,https://coin-images.coingecko.com/coins/images/9956/large/Badge_Dai.png?1696509996,0.999703,3490709879,41,3490709879,169422222,1.001,0.999674,-0.000147766789010628,-0.01478,-4983679.2303676605,-0.14257,3491758413.355759,3491758413.355759,,1.22,-17.98377,2020-03-13T03:02:50.373Z,0.88196,13.3522,2023-03-11T07:50:50.514Z,,2025-02-16T10:19:29.075Z,,,
aptos,apt,Aptos,https://coin-images.coingecko.com/coins/images/26455/large/aptos_round.png?1696525528,5.95,3489123781,42,6778190510,125532335,6.12,5.88,-0.12491906017895893,-2.05698,-77682937.73408508,-2.17794,586979395.1050924,1140302957.36176,,19.92,-70.20528,2023-01-26T14:25:17.390Z,3.08,92.71494,2022-12-29T21:35:14.796Z,,2025-02-16T10:19:38.510Z,,,
mantle,mnt,Mantle,https://coin-images.coingecko.com/coins/images/30980/large/Mantle-Logo-mark.png?1739213200,1.032,3473334450,43,6420127603,59239084,1.044,1.026,-0.009949151710823445,-0.95505,-28329164.216109753,-0.80902,3364694382.83684,6219316794.99,6219316794.99,1.54,-32.89041,2024-04-08T09:45:25.482Z,0.307978,235.29206,2023-10-18T02:50:46.942Z,,2025-02-16T10:19:31.859Z,,,
internet-computer,icp,Internet Computer,https://coin-images.coingecko.com/coins/images/14495/large/Internet_Computer_logo.png?1696514180,7.03,3379343311,44,3724683328,72589963,7.21,6.94,-0.14324575174919207,-1.99785,-70186545.23680449,-2.03467,480941647.7922773,530089775.5193857,,700.65,-98.99971,2021-05-10T16:05:53.653Z,2.87,144.62221,2023-09-22T00:29:57.369Z,,2025-02-16T10:19:30.673Z,,,
susds,susds,sUSDS,https://coin-images.coingecko.com/coins/images/52721/large/sUSDS_Coin.png?1734086971,1.036,3317272777,45,3317272777,860753,1.049,1.028,-0.001455359748320229,-0.14025,24064055.0,0.73072,3201201493.617708,3201201493.617708,,1.088,-4.71353,2025-02-03T02:31:35.208Z,0.961716,7.79015,2025-01-04T01:21:08.460Z,,2025-02-16T10:19:40.119Z,,,
okb,okb,OKB,https://coin-images.coingecko.com/coins/images/4463/large/WeChat_Image_20220118095654.png?1696505053,51.98,3118984055,46,12265804301,2856173,52.38,51.56,0.297432,0.57546,18744391.0,0.60461,60000000.0,235957685.3,300000000.0,73.8,-29.54741,2024-03-14T00:30:12.502Z,0.580608,8855.50284,2019-01-14T00:00:00.000Z,,2025-02-16T10:19:34.933Z,,,
ethereum-classic,etc,Ethereum Classic,https://coin-images.coingecko.com/coins/images/453/large/ethereum-classic-logo.png?1696501717,20.69,3118757898,47,3118757898,68369157,21.22,20.52,-0.4261858923767434,-2.01874,-65447625.01826239,-2.05538,150772380.7893977,150772380.7893977,210700000.0,167.09,-87.61652,2021-05-06T18:34:22.133Z,0.615038,3264.18068,2016-07-25T00:00:00.000Z,,2025-02-16T10:19:35.104Z,44.96730940665369,usd,4496.7309406653685
bittensor,tao,Bittensor,https://coin-images.coingecko.com/coins/images/28452/large/ARUsPeNQ_400x400.jpeg?1696527447,368.01,3092078377,48,7748736640,73013889,385.84,363.62,-13.965663614021935,-3.65619,-110524658.95993519,-3.45109,8379901.0,21000000.0,21000000.0,757.6,-51.48525,2024-03-07T18:45:36.466Z,30.83,1092.18462,2023-05-14T08:57:53.732Z,,2025-02-16T10:19:38.401Z,,,
gatechain-token,gt,Gate,https://coin-images.coingecko.com/coins/images/8183/large/200X200.png?1735246724,23.26,2926352078,49,6977723813,10012884,23.79,23.21,-0.0521478158567561,-0.2237,-5930258.181135654,-0.20224,125815473.19980882,300000000.0,,25.94,-10.35504,2025-01-25T03:07:37.823Z,0.25754,8929.03025,2020-03-13T02:18:02.481Z,,2025-02-16T10:19:33.036Z,,,
kaspa,kas,Kaspa,https://coin-images.coingecko.com/coins/images/25751/large/kaspa-icon-exchanges.png?1696524837,0.110479,2848292234,50,2848403450,64853608,0.111877,0.105664,0.00481494,4.55683,133394109.0,4.91341,25711058930.79546,25712062855.76427,28704026601.0,0.207411,-46.86723,2024-08-01T00:40:47.164Z,0.00017105,64327.63926,2022-05-26T14:42:59.316Z,,2025-02-16T10:19:31.271Z,,,
polygon-ecosystem-token,pol,POL (ex-MATIC),https://coin-images.coingecko.com/coins/images/32440/large/polygon.png?1698233684,0.326115,2793015621,51,3379755482,58613922,0.326134,0.315269,0.00591392,1.84694,50185370.0,1.82969,8563031206.989078,10361901110.26989,,1.29,-74.74923,2024-03-13T18:55:06.692Z,0.269234,20.75701,2025-02-03T02:11:32.978Z,,2025-02-16T10:19:37.057Z,,,
vechain,vet,VeChain,https://coin-images.coingecko.com/coins/images/1167/large/VET_Token_Icon.png?1710013505,0.03388778,2744403196,52,2913842092,28548246,0.03474053,0.03328083,-0.000537042473928613,-1.56004,-45021190.97966766,-1.614,80985041177.0,85985041177.0,86712634466.0,0.280991,-87.96842,2021-04-19T01:08:21.675Z,0.00191713,1663.44881,2020-03-13T02:29:59.652Z,,2025-02-16T10:19:29.603Z,3.3850151067880394,eth,338.5015106788039
tokenize-xchange,tkx,Tokenize Xchange,https://coin-images.coingecko.com/coins/images/4984/large/TKX_-_Logo_-_RGB-15.png?1696505519,31.9,2551673341,53,3189751202,20829114,32.0,31.77,0.079731,0.25059,8719113.0,0.34287,79995999.05112354,100000000.0,100000000.0,50.43,-36.69679,2025-01-03T19:12:43.038Z,0.111255,28595.11059,2019-04-28T00:00:00.000Z,,2025-02-16T10:19:27.685Z,108.80210677313404,usd,10880.210677313404
coinbase-wrapped-btc,cbbtc,Coinbase Wrapped BTC,https://coin-images.coingecko.com/coins/images/40143/large/cbbtc.webp?1726136727,97325.0,2497241702,54,2497241702,103220639,97857.0,97047.0,-177.76471608746215,-0.18232,-10380699.630613804,-0.41397,25658.70048914,25658.70048914,,108953.0,-10.61829,2025-01-20T09:20:53.854Z,57439.0,69.54388,2024-09-12T14:07:41.775Z,,2025-02-16T10:19:26.886Z,,,
jupiter-exchange-solana,jup,Jupiter,https://coin-images.coingecko.com/coins/images/34188/large/jup.png?1704266489,0.922058,2433861715,55,6459668276,200565243,0.957803,0.915111,-0.008169092248323073,-0.87818,-22300857.883411884,-0.90796,2637438888.89,6999978765.264874,10000000000.0,2.0,-53.81608,2024-01-31T15:02:47.304Z,0.457464,101.91413,2024-02-21T18:31:05.083Z,,2025-02-16T10:19:30.435Z,,,
crypto-com-chain,cro,Cronos,https://coin-images.coingecko.com/coins/images/7310/large/cro_token_logo.png?1696507599,0.088326,2412006053,56,2649725347,14610941,0.090643,0.087369,-0.002078026912834277,-2.29861,-56113139.39862108,-2.27352,27308559228.61946,30000000000.0,,0.965407,-90.85368,2021-11-24T15:53:54.855Z,0.0121196,628.56528,2019-02-08T00:00:00.000Z,,2025-02-16T10:19:39.815Z,,,
render-token,render,Render,https://coin-images.coingecko.com/coins/images/11636/large/rndr.png?1696511529,4.59,2380382485,57,2448247527,66896842,4.65,4.5,-0.032476239777481375,-0.70208,-18178737.70611477,-0.7579,517716590.0562826,532476763.3362826,,13.53,-66.15871,2024-03-17T16:30:24.636Z,0.03665669,12395.16802,2020-06-16T13:22:25.900Z,,2025-02-16T10:19:38.802Z,,,
algorand,algo,Algorand,https://coin-images.coingecko.com/coins/images/4380/large/download.png?1696504978,0.281156,2373400258,58,2373427986,65279785,0.29621,0.277675,-0.013438188463543,-4.56159,-110888024.86156654,-4.46357,8440362945.635515,8440461552.826346,10000000000.0,3.56,-92.11368,2019-06-20T14:51:19.480Z,0.087513,220.91492,2023-09-11T19:42:08.247Z,,2025-02-16T10:19:39.872Z,-0.8828515830342927,usd,-88.28515830342927
filecoin,fil,Filecoin,https://coin-images.coingecko.com/coins/images/12817/large/filecoin.png?1696512609,3.42,2166598628,59,6709897914,81073835,3.5,3.37,-0.06875892652191817,-1.96979,-39521345.07253504,-1.79144,632756875.0,1959631092.0,1959631092.0,236.84,-98.558,2021-04-01T13:29:41.564Z,2.64,29.31731,2022-12-16T22:45:28.552Z,,2025-02-16T10:19:28.410Z,,,
cosmos,atom,Cosmos Hub,https://coin-images.coingecko.com/coins/images/1481/large/cosmos_hub.png?1696502525,4.83,2108486097,60,2108486097,88438001,4.97,4.74,-0.09237790369864651,-1.87622,-39419373.96536875,-1.83525,436427577.790971,436427577.790971,,44.45,-89.12869,2022-01-17T00:34:41.497Z,1.16,316.53758,2020-03-13T02:27:44.591Z,,2025-02-16T10:19:29.185Z,47.31239372415176,usd,4731.239372415176
arbitrum,arb,Arbitrum,https://coin-images.coingecko.com/coins/images/16547/large/arb.jpg?1721358242,0.482944,2097672032,61,4829047871,102684036,0.487239,0.471992,-0.002545042669056419,-0.52422,-12867745.436504364,-0.60969,4343862574.0,10000000000.0,10000000000.0,2.39,-79.83703,2024-01-12T12:29:59.231Z,0.38247,26.01046,2025-02-03T02:11:02.489Z,,2025-02-16T10:19:38.677Z,,,
first-digital-usd,fdusd,First Digital USD,https://coin-images.coingecko.com/coins/images/31079/large/FDUSD_icon_black.png?1731097953,0.998926,2088725157,62,2088725157,2582516413,1.001,0.996727,0.00021503,0.02153,216530.0,0.01037,2091015488.484293,2091015488.484293,,1.15,-13.19438,2025-02-03T02:30:49.959Z,0.940377,6.27877,2024-12-05T22:30:51.394Z,,2025-02-16T10:19:28.833Z,,,
fetch-ai,fet,Artificial Superintelligence Alliance,https://coin-images.coingecko.com/coins/images/5681/large/ASI.png?1719827289,0.800217,2084532284,63,2172183857,101796250,0.79793,0.758746,0.0259112,3.34638,68101534.0,3.37733,2604959126.672,2714493896.672,2714493896.672,3.45,-76.99225,2024-03-28T17:21:18.050Z,0.00816959,9627.80348,2020-03-13T02:24:18.347Z,,2025-02-16T10:19:28.174Z,8.22972188371675,usd,822.9721883716749
lombard-staked-btc,lbtc,Lombard Staked BTC,https://coin-images.coingecko.com/coins/images/39969/large/LBTC_Logo.png?1724959872,97405.0,1943839659,64,1943839659,635390,98286.0,96443.0,556.52,0.57463,12312200.0,0.63743,19960.11314099,19960.11314099,,114576.0,-14.98099,2025-02-04T01:47:44.052Z,52119.0,86.90005,2024-09-06T21:01:52.094Z,,2025-02-16T10:19:30.903Z,,,
fasttoken,ftn,Fasttoken,https://coin-images.coingecko.com/coins/images/28478/large/lightenicon_200x200.png?1696527472,3.93,1689255722,65,3427511598,49601902,3.94,3.93,-0.003390862515412429,-0.08615,203110.0,0.01203,429147094.6,870742437.0,1000000000.0,4.0,-1.37648,2025-02-12T17:00:32.861Z,0.398142,890.19723,2023-01-21T10:15:39.503Z,,2025-02-16T10:19:28.129Z,,,
sonic-3,s,Sonic (prev. FTM),https://coin-images.coingecko.com/coins/images/38108/large/200x200_Sonic_Logo.png?1734679256,0.519548,1649346525,66,1649346525,74583858,0.538693,0.509249,-0.017695057192506303,-3.29368,-58012886.99753308,-3.39781,3175000000.0,3175000000.0,,1.029,-49.81233,2025-01-04T21:35:44.705Z,0.359647,43.65973,2025-02-03T02:11:37.229Z,,2025-02-16T10:19:40.061Z,,,
lido-dao,ldo,Lido DAO,https://coin-images.coingecko.com/coins/images/13573/large/Lido_DAO.png?1696513326,1.83,1638339104,68,1826815661,104791451,1.84,1.77,-0.008202298549657705,-0.44736,-10868677.427237988,-0.65902,896827818.47191,1000000000.0,1000000000.0,7.3,-75.03512,2021-08-20T08:35:20.158Z,0.40615,348.88687,2022-06-18T20:55:12.035Z,,2025-02-16T10:19:31.140Z,,,
binance-peg-weth,weth,Binance-Peg WETH,https://coin-images.coingecko.com/coins/images/39580/large/weth.png?1723006716,2697.04,1631712935,67,1631712935,39699173,2719.98,2677.99,-4.7560710771281265,-0.17603,140709.0,0.00862,604999.999959841,604999.999959841,,4098.26,-34.0422,2024-12-06T20:27:27.286Z,2171.8,24.46464,2024-09-06T21:02:52.910Z,,2025-02-16T10:19:39.096Z,,,
celestia,tia,Celestia,https://coin-images.coingecko.com/coins/images/31967/large/tia.jpg?1696530772,3.07,1627270246,69,3394386552,47984765,3.15,3.01,-0.05205908634420453,-1.66509,-26081679.1918509,-1.5775,528782678.434452,1103008438.355835,,20.85,-85.28545,2024-02-10T14:30:02.495Z,2.08,47.25763,2023-10-31T15:14:31.951Z,,2025-02-16T10:19:38.774Z,,,
binance-staked-sol,bnsol,Binance Staked SOL,https://coin-images.coingecko.com/coins/images/40132/large/bnsol.png?1725968367,200.25,1561597971,70,1561597971,2916884,203.07,199.35,-1.2371857614378996,-0.61402,-5209810.557871819,-0.33251,7798103.051957107,7798103.051957107,,297.96,-32.74358,2025-01-19T11:30:53.744Z,127.32,57.39345,2024-09-18T15:30:14.531Z,,2025-02-16T10:19:37.465Z,,,
kelp-dao-restaked-eth,rseth,Kelp DAO Restaked ETH,https://coin-images.coingecko.com/coins/images/33800/large/Icon___Dark.png?1702991855,2803.63,1557502978,71,1557502978,4182499,2814.83,2779.81,5.74,0.20504,4473424.0,0.28804,555420.7806926193,555420.7806926193,,4216.2,-33.45016,2024-12-06T20:31:16.142Z,2069.62,35.57419,2024-01-23T14:25:53.609Z,,2025-02-16T10:19:30.088Z,,,
xdce-crowd-sale,xdc,XDC Network,https://coin-images.coingecko.com/coins/images/2912/large/xdc-icon.png?1696503661,0.098341,1542873877,72,3734258678,20886428,0.101604,0.097527,-0.003181074717852839,-3.13338,-50636557.591635704,-3.17767,15689016567.15,37972544066.25,,0.192754,-49.01287,2021-08-21T04:39:48.324Z,0.00039532,24760.94406,2019-07-22T00:00:00.000Z,,2025-02-16T10:19:29.509Z,3.8347809701801316,eth,383.47809701801316
optimism,op,Optimism,https://coin-images.coingecko.com/coins/images/25244/large/Optimism.png?1696524385,1.14,1535956301,73,4880364861,84980004,1.15,1.11,-0.006044121183074624,-0.52873,-10060963.181893349,-0.65077,1351719035.0,4294967296.0,4294967296.0,4.84,-76.60166,2024-03-06T08:35:50.817Z,0.402159,181.8507,2022-06-18T20:54:52.178Z,,2025-02-16T10:19:35.428Z,,,
raydium,ray,Raydium,https://coin-images.coingecko.com/coins/images/13928/large/PSigc4ie_400x400.jpg?1696513668,5.18,1507914354,74,2877235894,76510835,5.46,5.1,-0.2677035631114295,-4.91251,-77472420.48191547,-4.88666,290866823.959339,555000000.0,555000000.0,16.83,-69.17746,2021-09-12T20:20:23.998Z,0.134391,3760.60705,2022-12-29T22:15:53.927Z,,2025-02-16T10:19:39.103Z,,,
injective-protocol,inj,Injective,https://coin-images.coingecko.com/coins/images/12882/large/Other_200x200.png?1738782212,15.31,1499255470,76,1534122698,79107818,15.38,14.85,0.04269943,0.27961,4127459.0,0.27606,97727220.33,100000000.0,,52.62,-71.03902,2024-03-14T15:06:22.124Z,0.657401,2218.13814,2020-11-03T16:19:30.576Z,,2025-02-16T10:19:30.936Z,,,
kucoin-shares,kcs,KuCoin,https://coin-images.coingecko.com/coins/images/1047/large/sa9z79.png?1696502152,12.22,1498438761,75,1742868386,54612,12.32,12.14,-0.018624868768226225,-0.15216,687103.0,0.04588,122606967.8513356,142606967.8513356,,28.83,-57.61467,2021-12-01T15:09:35.541Z,0.342863,3464.00114,2019-02-07T00:00:00.000Z,,2025-02-16T10:19:30.568Z,,,
solv-btc,solvbtc,Solv Protocol SolvBTC,https://coin-images.coingecko.com/coins/images/36800/large/solvBTC.png?1719810684,96697.0,1457418655,77,1457678932,3943641,97631.0,96630.0,-321.60096805976355,-0.33148,89478550.0,6.54112,14991.67882612759,14994.35615434597,21000000.0,108929.0,-11.15793,2025-01-20T07:17:19.296Z,49058.0,97.26738,2024-08-05T06:28:45.311Z,,2025-02-16T10:19:39.531Z,,,
blockstack,stx,Stacks,https://coin-images.coingecko.com/coins/images/2069/large/Stacks_Logo_png.png?1709979332,0.956598,1447683799,78,1447683799,36136075,0.967922,0.925266,-0.007128625520754883,-0.73969,-9219785.501819134,-0.63283,1513342210.23683,1513342210.23683,1818000000.0,3.86,-75.38038,2024-04-01T12:34:58.342Z,0.04559639,1986.52822,2020-03-13T02:29:26.415Z,,2025-02-16T10:19:38.180Z,6.971646168955015,usd,697.1646168955015
ethena,ena,Ethena,https://coin-images.coingecko.com/coins/images/36530/large/ethena.png?1711701436,0.457457,1431625300,79,6864936506,118743123,0.468824,0.445782,-0.003674485287288198,-0.79684,-13687771.32506442,-0.94705,3128125000.0,15000000000.0,,1.52,-69.9496,2024-04-11T13:15:15.057Z,0.195078,133.7914,2024-09-06T21:04:48.253Z,,2025-02-16T10:19:27.801Z,,,
immutable-x,imx,Immutable,https://coin-images.coingecko.com/coins/images/17233/large/immutableX-symbol-BLK-RGB.png?1696516787,0.810906,1413017682,80,1620618672,27426566,0.813322,0.78396,0.00066578,0.08217,-6288881.87948513,-0.4431,1743800322.3898141,2000000000.0,2000000000.0,9.52,-91.5195,2021-11-26T01:03:01.536Z,0.378055,113.55063,2022-12-31T07:36:37.649Z,,2025-02-16T10:19:36.944Z,,,
quant-network,qnt,Quant,https://coin-images.coingecko.com/coins/images/3370/large/5ZOu7brX_400x400.jpg?1696504070,96.29,1400384460,81,1406962339,18677590,96.65,93.1,0.372952,0.38884,4908605.0,0.35175,14544176.164091088,14612493.0,14612493.0,427.42,-77.42716,2021-09-11T09:15:00.668Z,0.215773,44614.23384,2018-08-23T00:00:00.000Z,,2025-02-16T10:19:38.528Z,14.306600356992824,eth,1430.6600356992824
bonk,bonk,Bonk,https://coin-images.coingecko.com/coins/images/28600/large/bonk.jpg?1696527587,1.788e-05,1382222988,82,1589992486,69299112,1.844e-05,1.775e-05,-4.39717745022e-07,-2.40008,-34559506.92926216,-2.4393,77256568003302.38,88869425288367.11,88869425288367.11,5.825e-05,-69.28891,2024-11-20T04:01:06.465Z,8.6142e-08,20667.06372,2022-12-29T22:48:46.755Z,,2025-02-16T10:19:39.059Z,,,
theta-token,theta,Theta Network,https://coin-images.coingecko.com/coins/images/2538/large/theta-token-logo.png?1696503349,1.38,1375624480,83,1375624480,14045394,1.4,1.35,-0.014675422449050624,-1.05556,-15100453.630074024,-1.0858,1000000000.0,1000000000.0,1000000000.0,15.72,-91.26094,2021-04-16T13:15:11.190Z,0.04039979,3300.40373,2020-03-13T02:24:16.483Z,,2025-02-16T10:19:27.748Z,8.170829863752546,usd,817.0829863752547
nexo,nexo,NEXO,https://coin-images.coingecko.com/coins/images/3695/large/CG-nexo-token-200x200_2x.png?1730414360,1.36,1355958361,84,1355958361,8069832,1.38,1.35,-0.00491769230146577,-0.36136,-4261553.246407032,-0.3133,1000000000.0,1000000000.0,1000000000.0,4.07,-66.72933,2021-05-12T14:37:47.535Z,0.04515276,2897.47101,2018-09-13T00:00:00.000Z,,2025-02-16T10:19:34.440Z,12.55958361219871,usd,1255.958361219871
rocket-pool-eth,reth,Rocket Pool ETH,https://coin-images.coingecko.com/coins/images/20764/large/reth.png?1696520159,3034.27,1354114344,85,1354114344,8972892,3046.77,3007.88,4.97,0.16423,-995491.4019224644,-0.07346,446252.6739018442,446252.6739018442,,4814.31,-37.11586,2021-12-01T08:03:50.749Z,887.26,241.21067,2022-06-18T20:55:45.957Z,,2025-02-16T10:19:38.735Z,,,
the-graph,grt,The Graph,https://coin-images.coingecko.com/coins/images/13397/large/Graph_Token.png?1696513159,0.141496,1351263854,86,1526668292,36193022,0.141518,0.136578,0.00100612,0.71615,7378839.0,0.54907,9548531509.16547,10788004319.0,10788004319.0,2.84,-95.04486,2021-02-12T07:28:45.775Z,0.052051,170.50508,2022-11-22T10:05:03.503Z,,2025-02-16T10:19:28.779Z,,,
movement,move,Movement,https://coin-images.coingecko.com/coins/images/39345/large/movement-testnet-token.png?1721878759,0.558398,1339830608,87,5582627535,61366282,0.570957,0.546885,-0.007946794238124832,-1.40317,-18789877.252354145,-1.38301,2400000000.0,10000000000.0,10000000000.0,1.45,-61.57062,2024-12-10T04:05:51.093Z,0.497641,11.96251,2025-02-10T02:30:26.108Z,,2025-02-16T10:19:33.977Z,,,
flare-networks,flr,Flare,https://coin-images.coingecko.com/coins/images/28624/large/FLR-icon200x200.png?1696527609,0.02162289,1277378138,88,2228964384,10789160,0.02293448,0.02131743,-0.000165922534497494,-0.7615,-7446099.121878147,-0.57954,59038219807.19565,103018898907.8337,,0.150073,-85.59808,2023-01-10T03:14:05.921Z,0.00827405,161.21889,2023-10-19T03:35:41.663Z,,2025-02-16T10:19:28.082Z,,,
worldcoin-wld,wld,Worldcoin,https://coin-images.coingecko.com/coins/images/31069/large/worldcoin.jpeg?1696529903,1.24,1273219159,89,12445184404,103493837,1.27,1.22,-0.013890830741940086,-1.10417,-11265225.189737558,-0.87702,1023061705.945783,10000000000.0,10000000000.0,11.74,-89.42472,2024-03-10T00:10:42.330Z,0.973104,27.59207,2023-09-13T07:36:44.064Z,,2025-02-16T10:19:30.131Z,,,
mantle-staked-ether,meth,Mantle Staked Ether,https://coin-images.coingecko.com/coins/images/33345/large/symbol_transparent_bg.png?1701697066,2857.71,1262513956,90,1262513956,4443773,2871.65,2832.81,4.62,0.16179,3478292.0,0.27627,441629.3854766905,441629.3854766905,,4729.53,-39.55884,2024-03-27T05:26:27.333Z,2142.02,33.45283,2023-12-18T10:41:32.686Z,,2025-02-16T10:19:30.977Z,,,
usual-usd,usd0,Usual USD,https://coin-images.coingecko.com/coins/images/38272/large/USD0LOGO.png?1716962811,0.996932,1137273434,91,1137273434,4069414,1.002,0.995744,-0.000190355400066733,-0.01909,-819102.2875337601,-0.07197,1140857382.250318,1140857382.250318,,1.33,-24.79435,2024-07-12T08:28:59.311Z,0.976415,2.10836,2025-01-20T17:07:15.786Z,,2025-02-16T10:19:37.763Z,,,
sei-network,sei,Sei,https://coin-images.coingecko.com/coins/images/28205/large/Sei_Logo_-_Transparent.png?1696527207,0.240512,1121672217,92,2408313939,35480000,0.240991,0.234182,0.00212927,0.89321,10860464.0,0.97771,4657499999.0,10000000000.0,,1.14,-78.89139,2024-03-16T02:30:23.904Z,0.095364,152.27467,2023-10-19T08:05:30.655Z,,2025-02-16T10:19:39.416Z,,,
jasmycoin,jasmy,JasmyCoin,https://coin-images.coingecko.com/coins/images/13876/large/JASMY200x200.jpg?1696513620,0.02243317,1083423330,93,1118776673,35019328,0.02316724,0.02200558,-0.000412144479255989,-1.80407,-22822031.71670246,-2.06302,48419999999.3058,50000000000.0,50000000000.0,4.79,-99.53413,2021-02-16T03:53:32.207Z,0.00275026,711.397,2022-12-29T20:41:09.113Z,,2025-02-16T10:19:31.057Z,,,
solv-protocol-solvbtc-bbn,solvbtc.bbn,Solv Protocol SolvBTC.BBN,https://coin-images.coingecko.com/coins/images/39384/large/unnamed.png?1721961640,95960.0,1019678217,94,1019678217,2458032,100452.0,95819.0,-108.14480539374927,-0.11257,-902076.6706227064,-0.08839,10626.09014519966,10626.09014519966,21000000.0,117077.0,-17.9605,2025-01-20T07:15:49.114Z,11402.13,742.37811,2024-09-10T17:58:43.974Z,,2025-02-16T10:19:39.731Z,,,
gala,gala,GALA,https://coin-images.coingecko.com/coins/images/12493/large/GALA_token_image_-_200PNG.png?1709725869,0.02344186,1010309159,95,1010309165,70334242,0.02460016,0.02308256,-0.001071391733838155,-4.37066,-48024181.25990307,-4.53772,43064691373.9406,43064691628.5515,50000000000.0,0.824837,-97.15763,2021-11-26T01:03:48.731Z,0.00013475,17298.88732,2020-12-28T08:46:48.367Z,,2025-02-16T10:19:28.450Z,,,
dexe,dexe,DeXe,https://coin-images.coingecko.com/coins/images/12713/large/DEXE_token_logo.png?1696512514,17.51,999815571,96,1689674663,7352595,18.42,17.34,-0.5348024641364582,-2.96434,-32139151.940888286,-3.1144,57103774.56313077,96504599.33609451,,32.38,-45.75913,2021-03-08T13:29:57.935Z,0.671563,2515.34731,2020-11-06T19:31:40.144Z,,2025-02-16T10:19:40.016Z,,,
msol,msol,Marinade Staked SOL,https://coin-images.coingecko.com/coins/images/17752/large/mSOL.png?1696517278,245.6,984597370,97,984597370,13985794,248.28,243.9,-0.49725414616531793,-0.20206,7064673.0,0.7227,4008027.0,4008027.0,4008027.0,363.77,-32.61029,2025-01-19T11:26:02.862Z,8.93,2645.09504,2022-12-29T20:45:33.039Z,,2025-02-16T10:19:34.051Z,,,
the-sandbox,sand,The Sandbox,https://coin-images.coingecko.com/coins/images/12129/large/sandbox_logo.jpg?1696511971,0.400261,979481938,98,1201397164,54337393,0.405591,0.390471,-0.003270888300839769,-0.81056,-7409775.294168115,-0.75082,2445857126.2233224,3000000000.0,3000000000.0,8.4,-95.2391,2021-11-25T06:04:40.957Z,0.02897764,1279.55665,2020-11-04T15:59:14.441Z,,2025-02-16T10:19:28.962Z,,,
eos,eos,EOS,https://coin-images.coingecko.com/coins/images/738/large/CG_EOS_Icon.png?1731705232,0.643596,976240372,99,1351522175,63185154,0.663107,0.635057,-0.010393628878567762,-1.58927,-15974261.040295243,-1.60996,1516885789.1746,2100000000.0,2100000000.0,22.71,-97.16376,2018-04-29T07:50:33.540Z,0.402746,59.93888,2024-11-04T21:55:59.771Z,,2025-02-16T10:19:28.279Z,-0.3499030633177065,usd,-34.99030633177065
floki,floki,FLOKI,https://coin-images.coingecko.com/coins/images/16746/large/PNG_image.png?1696516318,9.647e-05,934128325,100,965790800,88171783,9.89e-05,9.545e-05,-1.90669297878e-06,-1.93808,-19954852.1904732,-2.09152,9672160115342.0,10000000000000.0,10000000000000.0,0.00034495,-72.03461,2024-06-05T07:25:59.137Z,8.428e-08,114359.74256,2021-07-06T01:11:20.438Z,,2025-02-16T10:19:29.574Z,,,
